INSERT INTO `categorie` (`CATEGORIE`) VALUES
('Cinéma'),
('ISEN'),
('Jeu Vidéo'),
('Politique'),
('Série TV');
--#
INSERT INTO `question` (`UN`, `AUTRE`, `CATEGORIE`) VALUES
('Frankenstein', 'Franck Leboeuf', 'Cinéma'),
('Laetitia Casta', 'Un canard en plastique', 'Cinéma'),
('Pamela Anderson', 'une voiture d''occasion', 'Cinéma'),
('Sisi', 'Oui-oui', 'Cinéma'),
('Tony Stark', 'Ned Stark', 'Cinéma'),
('l''ISEN', 'Epitech', 'isen'),
('l''ISEN', 'Nesi', 'ISEN'),
('Yann Le Ru', 'Le Ru', 'ISEN'),
('Lara Croft', 'Caylen Croft', 'Jeu Vidéo'),
('Mario Bros', 'une brosse', 'Jeu Vidéo'),
('Sonic', 'un hérisson', 'Jeu Vidéo'),
('Bernard Tapie', 'un tapis', 'Politique'),
('Manuel Valls', 'une valse', 'Politique'),
('Nicolas Sarkozy', 'un clou', 'politique'),
('Clark Kent', 'Ken', 'Série TV'),
('Stargate', 'Star Wars', 'Série TV');
--#
INSERT INTO `sous_question` (`SOUS_QUESTION`, `REPONSE`, `UN`, `AUTRE`) VALUES
('On y mange le midi', 1, 'Yann Le Ru', 'Le Ru'),
('Est un bon professeur', 0, 'Yann Le Ru', 'Le Ru'),
('A un réseau', 2, 'Yann Le Ru', 'Le Ru'),
('A été inventé par Nintendo', 0, 'Mario Bros', 'une brosse'),
('A été ministre de la ville', 0, 'Bernard Tapie', 'un tapis'),
('A une durée de vie infinie', 0, 'Stargate', 'Star Wars'),
('A une fermeture éclair sur la gueule', 0, 'Frankenstein', 'Franck Leboeuf'),
('A vraiment existé', 0, 'Sisi', 'Oui-oui'),
('Délivre un diplôme d''ingénieur', 0, 'l''ISEN', 'Epitech'),
('Elle est blonde', 0, 'Pamela Anderson', 'une voiture d''occasion'),
('Est bleu', 0, 'Sonic', 'un hérisson'),
('Est d''origine espagnol', 0, 'Manuel Valls', 'une valse'),
('Est milliardaire', 0, 'Tony Stark', 'Ned Stark'),
('Est premier ministre', 0, 'Manuel Valls', 'une valse'),
('Est très rapide', 0, 'Sonic', 'un hérisson'),
('Est un Avengers', 0, 'Tony Stark', 'Ned Stark'),
('Est un classique', 0, 'Mario Bros', 'une brosse'),
('Est un extraterrestre', 0, 'Clark Kent', 'Ken'),
('Est un personnage fictif', 0, 'Lara Croft', 'Caylen Croft'),
('Est un personnage fictif', 0, 'Sonic', 'un hérisson'),
('Est une école réputée', 0, 'l''ISEN', 'Nesi'),
('Existe depuis les années 50', 0, 'Nicolas Sarkozy', 'un clou'),
('Il a été maire de Neuilly', 0, 'Nicolas Sarkozy', 'un clou'),
('Matricule 265-449G', 0, 'Bernard Tapie', 'un tapis'),
('N''aime pas la Kryptonite', 0, 'Clark Kent', 'Ken'),
('Sait faire de la bicyclette', 0, 'Laetitia Casta', 'Un canard en plastique'),
('Surnommée Zouzou', 0, 'Laetitia Casta', 'Un canard en plastique'),
('A été découvert en 1975', 1, 'l''ISEN', 'Nesi'),
('A joué dans Batman 2', 1, 'Laetitia Casta', 'Un canard en plastique'),
('A le crâne rasé', 1, 'Frankenstein', 'Franck Leboeuf'),
('A mauvaise réputation', 1, 'l''ISEN', 'Epitech'),
('A une époque, j''ai vomi dessus', 1, 'Bernard Tapie', 'un tapis'),
('S''est fait décapité', 1, 'Tony Stark', 'Ned Stark'),
('Elle est cotée à l''Argus', 1, 'Pamela Anderson', 'une voiture d''occasion'),
('Est né en 1780', 1, 'Manuel Valls', 'une valse'),
('Est un monstre', 1, 'l''ISEN', 'Nesi'),
('Est une adaptation d''un livre', 1, 'Stargate', 'Star Wars'),
('Fait du catch', 1, 'Lara Croft', 'Caylen Croft'),
('Il a une tête plate', 1, 'Nicolas Sarkozy', 'un clou'),
('Il en existe sans tête', 1, 'Nicolas Sarkozy', 'un clou'),
('Il y a beaucoup de contrefaçon', 1, 'Bernard Tapie', 'un tapis'),
('Joue au foot', 1, 'Frankenstein', 'Franck Leboeuf'),
('Les femmes le maîtrise à la perfection', 1, 'Mario Bros', 'une brosse'),
('Mange des insectes', 1, 'Sonic', 'un hérisson'),
('On s''y bat avec des sabres laser', 1, 'Stargate', 'Star Wars'),
('S''entretient de façon journalière avec un aspirateur', 1, 'Bernard Tapie', 'un tapis'),
('Sort avec Barbie', 1, 'Clark Kent', 'Ken'),
('Vous fait perdre à ni oui ni non', 1, 'Sisi', 'Oui-oui'),
('A déjà fait du cinéma', 2, 'Frankenstein', 'Franck Leboeuf'),
('Se bat pour le bien', 2, 'Tony Stark', 'Ned Stark'),
('Contient des bouts de caoutchouc', 2, 'Laetitia Casta', 'Un canard en plastique'),
('Elle a des kilomètres au compteur', 2, 'Pamela Anderson', 'une voiture d''occasion'),
('Elle n''a pas que des pièces d''origine', 2, 'Pamela Anderson', 'une voiture d''occasion'),
('Elle ne coûte pas cher', 2, 'Pamela Anderson', 'une voiture d''occasion'),
('Est sexy', 2, 'Lara Croft', 'Caylen Croft'),
('Est un classique', 2, 'Stargate', 'Star Wars'),
('Est un personnage fictif', 2, 'Clark Kent', 'Ken'),
('Il peut voler', 2, 'Bernard Tapie', 'un tapis'),
('Il vaut mieux éviter de marcher dessus', 2, 'Nicolas Sarkozy', 'un clou'),
('On peut le rouler', 2, 'Bernard Tapie', 'un tapis'),
('On peut le/la laquer', 2, 'Laetitia Casta', 'Un canard en plastique'),
('On peut taper dessus', 2, 'Nicolas Sarkozy', 'un clou'),
('Porte un chapeau', 2, 'Sisi', 'Oui-oui'),
('Posséde une filiére informatique', 2, 'l''ISEN', 'Epitech'),
('Vit dans un monde merveilleux', 2, 'Sisi', 'Oui-oui');